"","region","ubigeo","year","Cobre","Arsenico","Bismuto","Cadmio","Esta√±o","Magneso","Molibdeno","Oro","Plata","Plomo","Zinc","Hierro","GasNatural","LiquidoGasNatural","PetroleoCrudo","piatotalexpenditure","pimtotalexpenditure","TOTALDEV","expenditurefic2","collectrev","piacollected","pimcollected","totalrevenue","piatotalrevenue","pimtotalrevenue","canonminero","canonmineropia","canonmineropim"
"1","ANCASH","02","2009",6311651493.09496,0,0,0,0,0,476750370.671136,610089412.470677,798493187.658279,210732989.259829,3966080009.27776,0,0,0,0,863058000,2173502254,987668111.769999,0.454413205385208,26431394.18,17730000,28553849,1774396979.7,326023000,1603244904,180771679.81,296886617,296886617
"2","ANCASH","02","2010",5995654267.48921,0,0,0,0,0,655531759.672811,436679278.837324,780824211.805381,158230481.009045,3440501847.19779,0,0,0,0,642518934,2110024052,1255020162.02,0.594789505004883,26684099.66,1.8e+07,27517278,1777510900.27,106919318,1542669182,196034866.65,82733063,89733063
"3","ANCASH","02","2011",6386176791.51991,0,0,0,0,0,1197003720.30373,348652964.893996,639688016.729211,123982326.254261,2316068017.6022,0,0,0,0,755535105,1998548842,1389191230.07,0.695099949836731,29078098.59,18415890,30911793,1354436809.5,194940039,1383123616,203429444.06,146560654,146560654
"4","ANCASH","02","2012",8483718760.60305,0,0,0,0,0,1052388416.92178,250440261.81294,675073769.152504,119270847.192048,2356501872.09405,0,0,0,0,768000189,1625498083,1546052077.3,0.951125144958496,32638887.62,23085890,37371432,953236725.68,182584938,897422157,214860609.71,153200958,214051665
"5","ANCASH","02","2013",8474476627.56996,0,0,0,0,0,872723587.819761,214091758.871687,828841303.82742,125203409.8833,2698423453.29536,0,0,0,0,896828428,1269404719,1226461737.4,0.966170787811279,31488712.22,23082040,35799869,490611454.59,229178961,482468126,212457252.61,195914920,195914920
"6","ANCASH","02","2014",6702706314.9087,0,0,0,0,0,273386300.616485,39218308.5281723,666626517.889613,124549362.21973,2249457217.21536,0,0,0,0,954983544,1294864702,1127739518.17,0.870932340621948,32452398.15,22971729,36927116,349607082.9,217034303,335979230,147076499.22,184868174,154402617
"7","ANCASH","02","2015",7619209420.16006,0,0,0,0,0,387599741.414956,165617616.977783,870492255.611665,122527654.173947,2462771842.03276,0,0,0,0,882249959,1282511972,1046953864.87,0.816330671310425,36279258.15,16497000,33939335,346098117.06,108444377,325915984,83950048.86,83897165,82622164
"8","ANCASH","02","2016",8200041934.62415,0,0,0,0,0,896403623.552822,210731813.221656,998182591.948111,174092888.76399,2198619230.0552,0,0,0,0,934205504,1377796011,1161032089.56,0.842673420906067,41724169.26,19984024,42281960,354593400.21,93221820,323812410,63458623,64131507,63843551
"9","ANCASH","02","2017",8069858136.4845,0,0,0,0,0,762043907.422655,271587319.318532,1019364030.63011,229896001.831286,3543546336.64187,0,0,0,0,1063412499,1625125383,1383908288.6,0.851570188999176,40133386.54,25137132,45543064,322640817.6,99941965,407926452,99689653.02,61007778,112179060
"10","ANCASH","02","2018",8440198454.74107,0,0,0,0,0,888798356.602058,199380453.499138,867201761.007965,152733560.779421,3806962001.0892,0,0,0,0,1425473662,2118617936,1764974536.53,0.833078265190125,38317145.63,44527514,56031237,769909132.14,295311397,829701975,217882966.9,67334441,220080250
"11","APURIMAC","03","2009",0,0,0,0,0,0,0,6712787.82088804,24928709.8228488,80635901.3223218,122708528.035688,0,0,0,0,351429981,448633438,380908044.63,0.849040687084198,8687061.07,7003000,11087553,49419215.58,12521981,57911525,4022603.49,5072602,5072602
"12","APURIMAC","03","2010",0,0,0,0,0,0,0,0,0,73160486.9103996,111795296.348918,0,0,0,0,434937323,658202985,466766713.51,0.709153115749359,10126155.07,9246222,12860248,126012359.83,11767272,178233384,202380.01,2401176,2401176
"13","APURIMAC","03","2011",0,0,0,0,0,0,0,0,0,58813484.2331006,91556652.2917134,0,0,0,0,404623287,694057979,495099984.84,0.713340938091278,9227752.47,7173000,12004518,100633927.52,19002357,137045989,524301.61,113742,526959
"14","APURIMAC","03","2012",0,0,0,0,0,0,0,0,0,56285473.2191789,91736795.0213248,0,0,0,0,419518054,720849539,592125255.97,0.82142698764801,12057609.55,9343000,13929786,103149946.42,13221456,120645809,1461653.15,447608,447608
"15","APURIMAC","03","2013",0,0,0,0,0,0,0,0,0,62969022.7812795,118254801.657353,0,0,0,0,516538378,816529023,687076095.859998,0.841459512710571,13694729.72,13577620,22506233,90874360.0400001,20530730,190846767,1971711.55,1411406,1975055
"16","APURIMAC","03","2014",0,0,0,0,0,0,0,49724.3542288003,889.906974689768,52455206.5894002,111365944.309567,0,0,0,0,655670470,826239205,750429455.99,0.908247232437134,14906143.91,16472310,23784155,136104602.58,98399280,191449143,467448.82,1939170,1062072
"17","APURIMAC","03","2015",120295690.169842,0,0,0,0,0,0,163330296.683258,2098654.9054541,78749674.5782776,153207475.388147,0,0,0,0,679028569,902054748,816814242.65,0.905504047870636,12278258.58,15412834,19951379,186982876.84,99659029,182082811,131.99,0,0
"18","APURIMAC","03","2016",5943120987.30075,0,0,0,0,0,0,188064611.172498,793924.150991086,107540619.140155,184864890.017592,0,0,0,0,615506922,893038795,795824050.890001,0.891141653060913,13882591.48,10085637,18766517,155718535.93,43654193,175542586,1612513.32,118,118
"19","APURIMAC","03","2017",8173019251.23806,0,0,0,0,0,208338221.923964,201035564.14704,1629419.67065697,117319799.652775,212676648.984465,0,0,0,0,658824559,989437816,889206121.550002,0.898698329925537,11986326.4,8816836,13482772,156810522.23,10772441,142815443,3293897.13,641414,1726688
"20","APURIMAC","03","2018",6952496522.69913,0,0,0,0,0,376671971.478125,185137977.752174,1482457.89026534,129120104.24005,261796515.960623,0,0,0,0,769256840,1146950315,997464767.910001,0.869666934013367,14556543.32,13302511,18459194,240217401.7,14445107,276071995,2283972,622907,2906879
"21","AREQUIPA","04","2009",5584581440.23442,0,0,0,0,0,177360202.753301,1207392562.42538,649997461.901425,0,0,0,0,0,0,761075300,1042506440,929745813.16,0.891837000846863,49054130.41,38460000,47328811,520874107.97,179852738,424600132,135950223.87,136666300,154307010
"22","AREQUIPA","04","2010",5658745858.80646,0,0,0,0,0,664980727.702549,1241531883.34304,454963796.644033,0,0,0,0,0,0,736719823,1055360058,894243880.23,0.847335338592529,62357512.74,36792907,49246615,406872443.96,100374606,416199029,86827981.34,56317973,80206475
"23","AREQUIPA","04","2011",5492365811.41969,0,0,0,0,0,913899578.583494,1236119032.21127,373238681.105127,0,0,0,0,0,0,752933306,1206571580,1127795463.95,0.934710800647736,62267081.7,39639199,52915985,532575027.16,141863740,484013648,165712333.92,78628378,160288728
"24","AREQUIPA","04","2012",5069472364.58275,0,0,0,0,0,764713432.943251,1178751334.38959,368688332.484403,0,0,0,0,0,0,967675903,1311154597,1114511427.03,0.850022912025452,76551759.23,41638999,57720301,459269572.38,325175625,518217711,162458062.11,176292210,179742752
"25","AREQUIPA","04","2013",4742401540.69038,0,0,0,0,0,1113998761.3108,895052583.076756,360283923.885865,0,0,0,0,0,0,1072918654,1580812586,1323571154.22,0.837272644042969,78122635.6800001,44051514,67051649,388008387.99,272003166,503322604,88961733.58,151556709,162111668
"26","AREQUIPA","04","2014",4272981658.8167,0,0,0,0,0,909482378.081788,998955172.977422,362622980.804053,0,0,0,0,0,0,1084801354,1558077405,1374908753.28,0.882439315319061,102826029.78,45672503,66790235,448391422.46,215334279,467743904,77820676.15,81594961,74548404
"27","AREQUIPA","04","2015",4649267472.65,0,0,0,0,0,640013942.258121,972473402.610998,344500788.041903,0,0,0,0,0,0,1139169455,1578356845,1428356682.96001,0.904964327812195,100624432.33,51150402,75425815,467348234.46,210800095,390652135,71715624.26,60050577,65808265
"28","AREQUIPA","04","2016",9455490615.32795,0,0,0,0,0,1839783214.18031,1196588170.59938,362903682.889784,0,0,0,0,0,0,1185497483,1792228027,1607891875.68001,0.897146940231323,131942940.77,50997502,115513925,586991794.1,240271050,575855265,5073974.86,37647086,28014634
"29","AREQUIPA","04","2017",9081135508.70773,0,0,0,0,0,2403225946.00233,1559114230.32321,327811345.509003,0,0,0,0,0,0,1455812141,2339318673,1938126628.4,0.82850044965744,91519659.34,56360582,81488931,706961124.889999,413475121,745242763,51721703.91,69183254,69183254
"30","AREQUIPA","04","2018",8965480733.44634,0,0,0,0,0,2421662956.79206,1566125364.26947,368569212.079362,0,0,0,0,0,0,1508788277,2473506318,1973274602.01,0.797764122486115,118961350.53,61791061,101653979,748913033.260001,271074113,951965151,106451875.8,55814226,99410739
"31","AYACUCHO","05","2009",14332343.3584187,0,0,0,0,0,0,334090832.584133,372782413.086247,31599261.7173285,176326267.039335,0,0,0,0,471627499,598927492,549823314.96,0.918013155460358,13632458.59,9183000,14742920,99059209.42,38105499,111902663,4110142.27,9576661,9576661
"32","AYACUCHO","05","2010",12183303.8343249,0,0,0,0,0,0,382003799.62317,424870066.740085,32603108.086682,175253954.980858,0,0,0,0,537101785,720851208,653082857.39,0.905988454818726,13524761.84,9221000,14291815,178507255.66,28511950,178945150,8667848.17,815313,815313
"33","AYACUCHO","05","2011",7596520.90380745,0,0,0,0,0,0,424255293.759299,368350422.093157,24219618.570429,157164207.200203,0,0,0,0,535589696,792832504,642813575.65,0.810781061649323,13703318.61,8232552,14295701,174489589.48,38111564,171577912,14798258.04,7354374,7354374
"34","AYACUCHO","05","2012",8388652.18095032,0,0,0,0,0,0,465611749.51931,329053019.997831,44784745.8206635,275339261.878439,0,0,0,0,624305911,990166539,858116027.220001,0.86663806438446,16431464.2,8391436,15675436,193145614.44,58030860,195289524,17175663.83,12639340,17060620
"35","AYACUCHO","05","2013",10198464.6433063,0,0,0,0,0,0,713679449.287619,377770468.808951,51787727.5898824,304265342.473145,0,0,0,0,756543656,1076713649,989324367.809999,0.918837010860443,20475585.82,7273109,18222376,165963838.73,75024940,189938248,3587504.02,16200490,16200490
"36","AYACUCHO","05","2014",8686378.05960311,0,0,0,0,0,0,715512146.914909,377847763.586181,66260284.0597416,332571247.899901,0,0,0,0,825909188,1212360129,1159146002.56,0.956107020378113,20615925.69,8499684,19148424,175742381.62,54708369,173785145,1848162.39,3104656,2035340
"37","AYACUCHO","05","2015",6999264.74723732,0,0,0,0,0,0,666121656.20736,335699353.803086,60836360.2211404,344499829.517208,0,0,0,0,849620638,1345462991,1251922193.47,0.93047684431076,18733978.24,8760066,17791558,232576732.51,45290492,228581284,3188120.1,76443,67668
"38","AYACUCHO","05","2016",12721014.8151645,0,0,0,0,0,0,801954385.002091,403429410.869317,46042035.6596502,334693087.165679,0,0,0,0,826345153,1290476685,1154001373.5,0.894244253635406,19713498.27,10604296,19504889,259159577.78,35700011,257509114,2991428.82,1048074,932737
"39","AYACUCHO","05","2017",11279299.8027792,0,0,0,0,0,0,817297900.021263,548310715.883685,26155482.860369,334000285.284604,0,0,0,0,922308538,1483334233,1252638717.75,0.844475030899048,43291124.59,10445629,42067215,254741007.13,33638501,253391944,2162714.78,1074994,2162715
"40","AYACUCHO","05","2018",6721387.26049472,0,0,0,0,0,0,834694320.522168,610859607.413704,17627168.5043256,261397069.038441,0,0,0,0,1091851304,1568381112,1472471400.6,0.938847959041595,42417979.42,18508833,38789086,334273399.67,77405707,316643473,6539934.02,842225,842225
"41","CAJAMARCA","06","2009",697284834.200413,0,0,0,0,0,0,4865691441.30914,118132735.428278,0,0,0,0,0,0,676690885,994057023,838867434.880001,0.843882620334625,14210600.69,13719000,16392996,437578871.94,65712000,329943128,137564465.44,49504662,50147088
"42","CAJAMARCA","06","2010",787748391.329245,0,0,0,0,0,0,3670168792.5861,85821230.2138353,0,0,0,0,0,0,935446558,1280165913,976580859.749999,0.762854933738708,16677525.51,13876085,18309137,600453801.889999,290604103,571585978,196077657.53,127295276,139921544
"43","CAJAMARCA","06","2011",728435983.103817,0,0,0,0,0,0,3624948044.15459,81114003.7064298,0,0,0,0,0,0,918010023,1461628384,1231858537.07,0.842798709869385,20205344.63,14195034,20247179,735587643.98,240831957,712421454,227572155.04,135880350,191016161
"44","CAJAMARCA","06","2012",692685420.475043,0,0,0,0,0,0,3923208927.77729,91947985.4754387,0,0,0,0,0,0,839274184,1341600963,1223037487.62,0.911625385284424,22768710.44,14194000,22665930,571040477.77,153839416,550795068,153766318.22,108547150,163385769
"45","CAJAMARCA","06","2013",580675531.728071,0,0,0,0,0,0,3235386142.68864,70198277.6253173,0,0,0,0,0,0,912888375,1371667489,1239518876.35,0.903658449649811,20448685.37,17677472,25573596,436243400.72,173072529,417378431,169605883.55,133504979,145523405
"46","CAJAMARCA","06","2014",626168045.986217,0,0,0,0,0,0,3130048649.99452,71093651.171423,0,0,0,0,0,0,1021916978,1443264167,1329843817.09,0.921414017677307,19232268.09,18265813,23300553,342094787.02,153206000,333187705,99104160.58,119788703,95881781
"47","CAJAMARCA","06","2015",554134622.945624,0,0,0,0,0,0,3011285581.65862,70102294.8016187,0,0,0,0,0,0,1020111428,1522655270,1405926359.93,0.92333859205246,19197212.68,17103670,21767443,316506321.38,90208054,261732682,131836660.8,65710608,89131467
"48","CAJAMARCA","06","2016",582873290.032308,0,0,0,0,0,0,2568646483.79301,51823224.1527874,0,0,0,0,0,0,1117835972,1711393511,1531709546.73,0.895007193088531,21780691.11,14251772,22293115,405282214.09,96845839,329423978,87002144.41,75943173,51562072
"49","CAJAMARCA","06","2017",567664008.631312,0,0,0,0,0,0,2336845751.3367,59367092.7068004,0,0,0,0,0,0,1345192023,2081572030,1773253040.57,0.851881682872772,30930286.86,12671695,28040188,587360040.25,140925039,480347495,65134473.76,71566660,71566660
"50","CAJAMARCA","06","2018",604159788.15635,0,0,0,0,0,0,2224838091.69674,56353104.9130939,0,0,0,0,0,0,1685996469,2409978432,1960033496.45,0.813299179077148,32804426.41,16711378,31723945,492616222.17,243554174,647517520,40836311.16,60415266,60415266
"51","CUSCO","08","2009",1934902441.37181,0,0,0,0,0,0,82940222.8536388,36944996.572517,0,0,0,670483766.218891,4626199223.97478,0,808028000,1171297081,930892481.889999,0.794753551483154,34837828.83,19200000,30464227,571345344.72,291900000,613090254,33818476.72,45414832,45414832
"52","CUSCO","08","2010",1678363780.33193,0,0,0,0,0,0,167088037.16712,32821294.7813724,0,0,0,1535098487.0112,5260723402.3742,0,803674083,1153070875,990092709.579999,0.85865730047226,39781816.29,18466195,30302160,616757825.33,260326448,561358888,28970640.32,11836467,11836467
"53","CUSCO","08","2011",1718914045.00443,0,0,0,0,0,0,237788965.401298,35027501.3011961,28030.6141529775,9968.3723895602,0,2504887521.1483,5178947919.10372,0,905370651,1312610676,1130589464.73,0.861328840255737,41493917.61,20897121,35542387,804804046.98,311365220,645247859,38375574.94,24369202,43945965
"54","CUSCO","08","2012",936042944.887301,0,0,0,0,0,0,179377056.140809,20861326.4302454,127889.67707296,64794.4205321413,0,2597061327.29403,5380699026.39873,0,1021451314,1563844785,1487578114.23,0.951231300830841,45056263.72,21352921,38293944,976685487.8,408380091,830744999,71391376.6,39742805,73444837
"55","CUSCO","08","2013",2728017116.11387,0,0,0,0,0,0,263809009.621312,40732313.5272288,1168526.22750225,1740905.03517676,0,2724300162.74963,6579579773.13966,0,1313534324,2116832605,1727414887.57,0.816037535667419,48148927.39,24491482,40911981,974634240.03,634837840,1055590653,6693541.9,69218064,69218064
"56","CUSCO","08","2014",3017803638.00258,0,0,0,0,0,0,180037679.704135,44223545.7185046,1039468.60817292,1804987.42910965,0,2867358703.70023,6513570489.54723,0,1346443811,2133130270,1806125263.06,0.846701800823212,50176073.33,29706278,47652356,1053639180.92,607396643,1076281081,20155405.66,6729874,6729874
"57","CUSCO","08","2015",5583233553.98379,0,0,0,0,0,0,276737341.7208,55759409.831408,5573420.44741703,10596379.8501025,0,2743443100.81497,5740661232.29089,0,1295495380,1825817148,1667817601.26001,0.913463652133942,50178340.64,33263916,49424242,736106914.22,518151320,704881332,27413388.91,14652431,25005590
"58","CUSCO","08","2016",6402696066.78698,0,0,0,0,0,31093250.488099,254482141.463824,62376376.7064977,47301.6613831496,79746.9791164816,0,3098116338.87258,6026468281.78274,0,1360772998,1961462802,1690988860.81,0.862106025218964,59410203.82,33532443,50574532,686444328.9,519756237,816368260,9808662.86,16827553,16827553
"59","CUSCO","08","2017",5923377250.54791,0,0,0,0,0,87249312.5184889,350201523.354265,150725705.505859,70660.5065106309,82595.0855134988,0,2879622292.93926,5772879964.30452,0,1612822864,1926522608,1704048855.53,0.884520530700684,101633221.35,31254743,51753554,612999233.83,588083144,518029633,14761089.98,4303035,4303035
"60","CUSCO","08","2018",5911080269.55991,0,0,0,0,0,173692005.814927,417911886.85554,167856287.639069,7092329.35183151,13225182.0545494,0,2802517647.35391,5432635813.70698,0,1741647063,2455612096,1967804582.66,0.801349937915802,48558358.04,40411063,50532953,788249348.22,517042861,938487711,42312268.38,7095778,42312268
"61","HUANCAVELICA","09","2009",353882392.564495,0,0,0,0,0,0,85831338.8780848,210576017.699916,86849354.1262318,101787050.469799,0,0,0,0,352268946,480207619,395273862.640001,0.823131203651428,2716751.92,4805000,5484469,105440450.02,39545152,110989099,4213421.7,10527726,10527726
"62","HUANCAVELICA","09","2010",368483591.413334,0,0,0,0,0,0,96550488.953979,233276654.717277,63761471.6022293,60349238.4729967,0,0,0,0,371759009,589948580,452147625.42,0.766418695449829,4349957.63,4e+06,4873104,200151915.27,29952139,211961526,1453077.71,1243501,1243501
"63","HUANCAVELICA","09","2011",373191269.094577,0,0,0,0,0,0,84282780.4178165,266296144.49487,37260861.8051018,36578230.4568919,0,0,0,0,414303636,657463633,508855345.12,0.773967266082764,5399263.22,3e+06,4765730,169729592.74,32373796,160571338,2134051.83,991216,991216
"64","HUANCAVELICA","09","2012",372469509.388752,0,0,0,0,0,0,33130626.8747321,249001056.70091,42033073.8646462,44675396.9436118,0,0,0,0,451842665,785953139,665862002.210001,0.847203195095062,5766927.78,4531000,6403545,156434561.17,43372196,154978050,7194996.59,2650570,2650570
"65","HUANCAVELICA","09","2013",365852777.285602,0,0,0,0,0,0,14796547.1226559,252356514.513761,68707707.0579734,73500369.7612236,0,0,0,0,567299909,766565535,737110558.479999,0.961575388908386,8218283.57,2641000,7158887,134110942.65,52820133,137871563,0,3573994,3573994
"66","HUANCAVELICA","09","2014",413104580.826696,0,0,0,0,0,0,8183208.01022542,224908478.045566,99801249.778292,112087939.281211,0,0,0,0,610576555,823228871,784890287.56,0.953428983688354,9701078.33,3724873,8876941,121460804.62,49171989,117620178,880636.09,1805921,1053692
"67","HUANCAVELICA","09","2015",395758890.696458,0,0,0,0,0,0,3189462.14981876,203961720.54575,90453039.958274,101683094.586308,0,0,0,0,618932337,852331608,792949756.059999,0.930330097675323,9753667.7,3793757,9085284,144156619.44,41432112,132844049,383874.29,381407,379183
"68","HUANCAVELICA","09","2016",264707176.51056,0,0,0,0,0,0,3565946.54612253,209588602.346714,85326941.3950482,76902432.8524607,0,0,0,0,610756169,863862408,814391718.98,0.942733108997345,10257941.83,6649916,11601657,145804930.67,37760289,149648386,19103.31,285088,1638
"69","HUANCAVELICA","09","2017",238675108.320719,0,0,0,0,0,0,18220424.0852675,152116884.366435,62907705.8128198,69646169.7794601,0,0,0,0,687432948,1054375668,931588466.210002,0.883545100688934,8321542.66,4804801,8214094,170526907.24,35448569,169098533,196047.4,19103,19103
"70","HUANCAVELICA","09","2018",234748735.521031,0,0,0,0,0,0,28726469.7858955,173190008.656656,73971622.8074514,95121769.4741797,0,0,0,0,813303158,1121996956,956973526.69,0.85291987657547,8950743.02,9017286,10310719,208440797.33,58831473,225947457,559186.04,19137,19137
"71","HUANUCO","10","2009",52637935.3458126,0,0,0,0,0,0,0,51247454.3401631,74458654.7283593,132853483.021864,0,0,0,0,383105852,451836082,414206275.04,0.916718006134033,10151339.25,8700000,11311120,53945867.3,11027410,57679685,799736.68,1738930,1738930
"72","HUANUCO","10","2010",64833869.9749894,0,0,0,0,0,0,0,68590215.7220529,83270195.0815735,162130592.730002,0,0,0,0,416393377,604776560,459525117.67,0.759826242923737,11060049.74,8194813,11842982,87091208.14,8721908,175646665,426323.26,309097,424222
"73","HUANUCO","10","2011",67439422.5130175,0,0,0,0,0,0,0,61828321.1396566,69114150.9631916,146638317.983427,0,0,0,0,466540586,663657018,578103495.41,0.871087729930878,12432916,9536474,13208599,103291692.19,23149200,134337426,1097402.13,315374,1096553
"74","HUANUCO","10","2012",71358577.7156469,0,0,0,0,0,0,0,65794000.8780099,71105492.5103094,147868699.946938,0,0,0,0,499343330,870121061,763185825.200001,0.87710303068161,14020052.81,9843898,14489446,104329394.53,11011175,119006611,837600.94,873521,873521
"75","HUANUCO","10","2013",60113561.4988944,0,0,0,0,0,0,0,74692689.2362041,64433622.3707726,169962885.321799,0,0,0,0,616812721,874768854,802958787.829998,0.917909681797028,15188856.42,8133709,16049320,107779490.67,9355891,115958893,232021.37,802640,802640
"76","HUANUCO","10","2014",31605857.5180739,0,0,0,0,0,0,0,82579680.4937439,71175569.0456918,170928393.390388,0,0,0,0,666011213,891198345,863178323.930002,0.968559145927429,15183495.69,10302224,16868421,88420937.98,10784054,89357583,36367.91,201027,10788
"77","HUANUCO","10","2015",24592157.5767201,0,0,0,0,0,0,0,86729698.1054257,125421231.114113,240826620.585984,0,0,0,0,702714683,957414264,896115377.01,0.935974538326263,15095197.12,10452733,17757613,98194611.56,10745590,100694445,161190.19,22592,22592
"78","HUANUCO","10","2016",32264463.2496392,0,0,0,0,0,0,0,100352521.203544,140912817.202659,306924761.82136,0,0,0,0,687955379,1003502133,956453290.460002,0.953115344047546,19395158.34,10327043,19537683,120995637.88,10626211,121898009,4551.94,18907,10138
"79","HUANUCO","10","2017",39326881.9711362,0,0,0,0,0,0,0,104777265.81127,124894489.156489,385128779.297258,0,0,0,0,793355779,1208407874,1030401237.55,0.852693259716034,19819837.22,10697535,22432822,78352429.78,11019688,78064091,726226.69,0,0
"80","HUANUCO","10","2018",34808666.2126721,0,0,0,0,0,0,0,91848443.0238412,117135848.747396,337783282.606442,0,0,0,0,933374262,1369746159,1189216067.3,0.868201792240143,16476660.08,17607351,20469980,250589745.68,23701835,271727705,2484465.24,0,0
"81","ICA","11","2009",296018916.94851,0,0,0,0,0,0,85241.7501065148,71615899.4359981,49197231.6652447,579437990.127359,877070240.914722,0,0,0,418586402,540268668,452368016.82,0.837301969528198,17371254.51,14562000,19897206,107405870.01,46194402,116718890,28799810.75,17163035,28415900
"82","ICA","11","2010",348460172.774485,0,0,0,0,0,0,120759.145984229,83970605.095184,46437384.1134328,550474884.149492,1199389296.84454,0,0,0,431048423,580618956,500575317.38,0.862140834331512,19991736.39,13765804,19078752,127998900.55,48273761,148564918,24060592.65,19636583,19636583
"83","ICA","11","2011",456083566.909306,0,0,0,0,0,0,184690.458564115,87236690.8218633,53959516.21561,684660568.93856,1391583485.60416,0,0,0,510079528,655611378,538908869.039999,0.821994364261627,20722296.05,13664220,18211914,189831357.47,100806394,176823981,50662279.1,13636420,36420225
"84","ICA","11","2012",571406332.706015,0,0,0,0,0,0,859520.98024069,95877560.4165331,56992662.2554134,811977333.124622,1326797465.70146,0,0,0,530594681,771336064,635349295.95,0.823699712753296,23921169.65,14481004,21664568,250216717.75,101822732,216661242,69412817.2,57680309,59785129
"85","ICA","11","2013",695202557.449108,0,0,0,0,0,0,14846271.4768847,131499138.188119,89106402.5366747,1151634669.7403,1326027215.13709,0,0,0,629566764,907610896,790051559.549999,0.870473861694336,25404490.57,15009908,23767773,266100077.88,130505075,299038939,37197221.59,66231172,66801172
"86","ICA","11","2014",766147927.73317,0,0,0,0,0,0,17289868.3132714,128036255.890465,97434414.7957499,1240744798.63698,1427639532.61235,0,0,0,650758799,865649872,785068066.770001,0.906911790370941,25444575.66,19981879,23553320,211342059.92,90835729,195066848,46580239.9,45280548,41773398
"87","ICA","11","2015",759435562.468998,0,0,0,0,0,0,20742159.1925853,161538075.248339,103268870.337467,1311384245.5224,1453088586.64668,0,0,0,701906385,883244053,845079942.01,0.95679098367691,25539808.53,21379643,28170337,181586368.22,103831309,182310606,25352671.7,43695670,24892855
"88","ICA","11","2016",778692111.420407,0,0,0,0,0,0,17630835.3136975,171027916.096863,106910514.292841,1289153351.04048,1521034269.40023,0,0,0,677015757,882939829,835010977.130001,0.945716738700867,30754438.13,22013739,35084118,135686984.33,61082737,138922330,13327774.78,18967504,17247441
"89","ICA","11","2017",907914164.752039,0,0,0,0,0,0,10506045.7006279,165396966.14973,99616714.9017849,1162136350.0527,1747970517.96603,0,0,0,738157316,1020769752,924002437.95,0.905201613903046,30279096.31,22572755,32328770,150062668.39,51240418,136469225,18649132.63,9262777,10903238
"90","ICA","11","2018",1080826137.47652,0,0,0,0,0,0,14178544.4343836,156619432.269661,86363490.1475802,985695446.730889,1892354170.85049,0,0,0,849535643,1051340859,951169724.790001,0.904720604419708,31335766.43,28331154,34526936,185502005.05,80344087,183366195,33380707.85,20269251,20269251
"91","JUNIN","12","2009",210858489.258226,0,0,0,0,0,0,74970119.2186797,670705724.332023,211455945.516524,1784295224.10872,0,0,0,0,696817799,861334996,772747753.019999,0.897151231765747,27701779.1,24315015,30323158,163713494.29,59143936,144058869,9737679.35,26186349,26186349
"92","JUNIN","12","2010",239967058.194146,0,0,0,0,0,0,73442871.195938,666749579.311256,205476081.163889,1841990739.4463,0,0,0,0,658790301,845402556,760538026.09,0.899616420269012,29051272.87,24738058,29976305,175864963.33,33301653,152696902,15750627.08,3664108,6062387
"93","JUNIN","12","2011",159734444.895381,0,0,0,0,0,0,74337909.5720564,566149663.968748,204853567.941242,1420105723.04233,0,0,0,0,701516473,931118984,857427527.32,0.920857071876526,33070344.83,25915681,35286103,205025855.25,56159098,160043060,19688686.01,12942764,13390919
"94","JUNIN","12","2012",204077556.822001,0,0,0,0,0,0,0,655377458.081696,269369530.241089,1761463379.17703,0,0,0,0,735112115,1045150628,977244916.25,0.935027837753296,37845574.45,27601745,36692194,172406838.78,51608662,144548378,21642543.74,16215122,16992781
"95","JUNIN","12","2013",226084010.252603,0,0,0,0,0,0,0,656387883.886672,272748971.159907,1745587322.09346,0,0,0,0,830960432,1076584112,1039693573.25,0.965733706951141,38003830.88,31689027,41047776,156363580.98,60759334,148959211,12764706.29,21191749,21191749
"96","JUNIN","12","2014",1534625334.91689,0,0,0,0,0,145441127.823578,52125330.1901338,873004463.001214,252495100.520996,1817857309.89117,0,0,0,0,907837930,1470736479,1277599239.16,0.868679940700531,37167171.2,33426246,43026826,299846562.48,52387343,371069251,4045393.38,18961097,10355794
"97","JUNIN","12","2015",3672473974.77182,0,0,0,0,0,467493454.837125,52899609.4202679,1038079537.08524,272573195.850323,2086753443.07296,0,0,0,0,949103295,1461481308,1372656908.68,0.939223051071167,37022533.85,30866266,38738500,269168898.97,39150691,263033571,3109942.52,4489570,3109943
"98","JUNIN","12","2016",3428486715.01623,0,0,0,0,0,210738874.370543,51805673.6272343,1120976532.98025,299346520.164314,2191860673.57508,0,0,0,0,970791871,1648185886,1480897497.78,0.898501515388489,34309850.3,32493196,41349284,419033075.49,39774233,419831067,5086850.68,2744265,5086851
"99","JUNIN","12","2017",3878942360.61937,0,0,0,0,0,420613513.860318,54242166.9844456,992325097.111135,251566002.456051,2067320813.12611,0,0,0,0,1179576582,1911058192,1747900386.00001,0.914624392986298,31554460.38,30488261,35828780,385236244.07,94555675,373050513,12478637.81,5586023,12478638
"100","JUNIN","12","2018",4046608944.68176,0,0,0,0,0,129155101.625982,50804083.0634828,888882056.114061,265649634.154537,2026217653.63096,0,0,0,0,1381939602,2002748594,1758446882.92001,0.878016769886017,35428535.48,33662232,34312872,282475094.23,54124812,334178554,27787799.99,5856674,27787800
"101","LA LIBERTAD","13","2009",37731793.0212631,0,0,0,0,0,0,3742425382.75972,102944565.96168,21464442.7876425,83691606.4763504,0,0,0,0,758766336,1036726276,900313671.589998,0.868419826030731,110737516.97,55400000,108127090,380230684.83,123405336,360810462,92516027.74,62889770,92515971
"102","LA LIBERTAD","13","2010",32262658.8503746,0,0,0,0,0,0,3414322783.12057,97098385.6562396,19479524.9229348,76608365.8669687,0,0,0,0,826752090,1165028246,959467533.839999,0.823557317256927,115262508.88,58229000,102804250,494454241.03,137640474,440484519,104837268.84,73248801,103129401
"103","LA LIBERTAD","13","2011",24938602.2355161,0,0,0,0,0,0,3335012438.12563,85467555.75618,15687216.4164882,59289030.8667071,0,0,0,0,866488178,1276457686,1004195494.03,0.786704897880554,110287989.88,57840000,95658325,533629182.7,168151913,391918411,113842763.23,90107408,90107408
"104","LA LIBERTAD","13","2012",22699342.7481942,0,0,0,0,0,0,3714103811.28683,89555407.0092013,12386611.5999751,50143761.2258848,0,0,0,0,896100412,1331477671,1099381670.79,0.825685381889343,117585323.39,61868800,86559150,593701188.11,162958374,363166025,136968272.34,93296756,93296756
"105","LA LIBERTAD","13","2013",32780521.439304,0,0,0,0,0,0,3382193746.80959,93369421.1731539,12400042.9359234,45647313.2515939,0,0,0,0,1034471261,1434221395,1351818695.68,0.942545354366302,119458578.62,68388000,78352615,612461631.43,189910673,387517227,108193843.98,105081229,105081229
"106","LA LIBERTAD","13","2014",34543419.5207814,0,0,0,0,0,0,3281587171.24638,86230333.1630569,9525153.07185868,32432099.5694341,0,0,0,0,1133290853,1514719376,1373042668.8,0.906466722488403,152564445.64,70058236,98451847,546163864.32,186172606,362859420,73077395.33,112951991,58553674
"107","LA LIBERTAD","13","2015",23816265.8929583,0,0,0,0,0,0,3360506824.88666,81825420.7679104,6699900.75368982,20981999.8268257,0,0,0,0,1370398392,1952274598,1782022308.75,0.912792861461639,168440046.7,66353435,113652316,888854567.779999,371068894,733149623,56861730.77,47488417,26981564
"108","LA LIBERTAD","13","2016",27495435.9934009,0,0,0,0,0,0,3117994045.83362,79477210.5208397,6619312.73800001,14365848.6665548,0,0,0,0,1319794826,2091036556,1912890538.36,0.914804935455322,169579378.06,67595193,125754465,904790618.469999,284400883,797838853,49947843.81,56305609,55987901
"109","LA LIBERTAD","13","2017",23657478.7576768,0,0,0,0,0,0,3054623908.10861,70730441.9961818,3402215.79281765,11017899.596861,0,0,0,0,1620675370,2246472259,1761050092.8,0.783918023109436,149881857.99,72579395,125478849,585920507.22,439404757,767671660,50196639.33,49892592,49892592
"110","LA LIBERTAD","13","2018",0,0,0,0,0,0,0,2501362329.04227,54088418.7920763,0,0,0,0,0,0,2015481120,2566030316,1855924795.9,0.723266899585724,146537269.25,143590395,146763926,558940252.07,644990128,961785472,51013368.52,40696765,63766765
"111","LIMA","15","2009",655155720.171411,0,0,0,0,0,0,41228593.134851,323449275.77821,241839379.344967,786437651.03597,0,0,0,0,561796207,739590357,604907958.53,0.817895948886871,26561432.44,27291000,32309163,186011810.82,93877207,207788541,19670857.26,39526331,39526331
"112","LIMA","15","2010",637077443.939761,0,0,0,0,0,0,40610590.4465787,332230242.156609,283523822.446086,1335521235.21052,0,0,0,0,593439279,748395945,652562833.86,0.871948659420013,25369219.03,26356568,29660844,227813413.45,56321647,168971129,25022072.93,8795930,8795930
"113","LIMA","15","2011",710364924.469225,0,0,0,0,0,0,54235063.50527,391670434.364902,260807345.55961,1699873790.36814,0,0,0,0,596385809,727767834,660698524.639998,0.907842457294464,28248689.77,26019264,30156938,267772069.17,76265911,135599026,33289915.99,14633353,14633353
"114","LIMA","15","2012",596195169.802572,0,0,0,0,0,0,96784903.766772,312566349.125593,236258951.244012,1249087614.30044,0,0,0,0,630214819,859882470,808919229.630002,0.940732300281525,31485876.99,25596224,30896323,327748664.49,85979836,134796088,56814275.08,23112214,23112214
"115","LIMA","15","2013",557230972.083613,0,0,0,0,0,0,92153435.344318,326695910.681014,272930002.209645,1263434238.24882,0,0,0,0,763322253,960964165,930481418.990002,0.968279004096985,31413590.44,28480129,33190740,343241048.77,108250382,194186600,23369831.75,29539053,29539053
"116","LIMA","15","2014",568304570.370232,0,0,0,0,0,0,34608150.543245,874272961.82885,408656571.822875,1512114512.22457,0,0,0,0,824423856,1062845429,1043441907.44,0.981743812561035,31591999.18,30282507,26992940,237201826.18,95651752,165430713,7301612.57,21278925,10076631
"117","LIMA","15","2015",553560823.979493,0,0,0,0,0,0,30786478.7468029,905115484.887216,408597590.738928,1436824107.59283,0,0,0,0,845057374,1070067832,1021378813.47,0.954499125480652,31161347.37,26330672,27222283,218688646.21,73007354,138361562,12221240.26,7672727,7397756
"118","LIMA","15","2016",513523008.698119,0,0,0,0,0,0,32207174.5819115,1005299559.41341,351026797.06661,983458971.182631,0,0,0,0,831715752,1078504646,1054859633.4,0.978076100349426,36664639.88,25355487,30748804,241161039.17,63291201,173876939,7881395.66,8245415,8245415
"119","LIMA","15","2017",568826041.75769,0,0,0,0,0,0,36703676.9000301,1009099335.06577,311964968.302179,974340046.525981,0,0,0,0,902841592,1414942105,1261532057.57001,0.891578555107117,36713180.79,24830792,32604715,291561319.49,59478311,209543537,14471793.66,6802390,6802390
"120","LIMA","15","2018",598324360.934755,0,0,0,0,0,0,46478064.2455772,830424575.464961,295195653.38516,1030312457.49336,0,0,0,0,1059624909,1415322264,1277377360.64,0.902534604072571,38630159.43,30288593,30417286,366802531.64,108309216,320592839,18607479.39,8732091,8732091
"121","LORETO","16","2009",0,0,0,0,0,0,0,0,0,0,0,0,0,0,2255744521.11835,615087372,840360322,732654427.26,0.871833682060242,25464172.29,19741160,28121090,329890088.35,158160372,344090683,NA,NA,NA
"122","LORETO","16","2010",0,0,0,0,0,0,0,0,0,0,0,0,0,0,2285249027.81668,833312385,1047209315,910742521.130001,0.869685292243958,21842086.66,23449693,28554070,457096442.65,290326760,489543592,NA,NA,NA
"123","LORETO","16","2011",0,0,0,0,0,0,0,0,0,0,0,0,0,0,2078283424.08723,791914259,1132616909,1000576381.88,0.883419930934906,77518407.3,30900352,35410172,469808935.32,256080524,434382409,NA,NA,NA
"124","LORETO","16","2012",0,0,0,0,0,0,0,0,0,0,0,0,0,0,1890994387.72019,842974123,1285549594,1177784642.23,0.916172087192535,91923336.6600001,85720439,101463408,458945923.47,293498675,457050996,NA,NA,NA
"125","LORETO","16","2013",0,0,0,0,0,0,0,0,0,0,0,0,0,0,1847421774.27317,1032695298,1331129701,1211519268.06,0.910143673419952,54980841.02,26249000,67408633,394751846.93,272176246,418375166,NA,NA,NA
"126","LORETO","16","2014",0,0,0,0,0,0,0,0,0,0,0,0,0,0,2070640778.399,1077923976,1385339294,1304110230.01,0.941365242004395,22906885.02,31660383,53389585,399205263.34,270031706,418280437,NA,NA,NA
"127","LORETO","16","2015",0,0,0,0,0,0,0,0,0,0,0,0,0,0,1410776818.54592,1102725226,1308791612,1234630464.37,0.943336188793182,20033058.49,29691599,33726608,247476557.19,247489264,264545800,NA,NA,NA
"128","LORETO","16","2016",0,0,0,0,0,0,0,0,0,0,0,0,0,0,446651385.726808,984998466,1488454152,1328418448.98,0.892481923103333,21800502.41,21032499,27465797,205317855.23,110191816,251538335,NA,NA,NA
"129","LORETO","16","2017",0,0,0,0,0,0,0,0,0,0,0,0,0,0,721585017.18545,1118317595,1748268782,1619423134.78,0.926301002502441,22348719.32,19864184,25228469,269896510.07,75634569,307282094,NA,NA,NA
"130","LORETO","16","2018",0,0,0,0,0,0,0,0,0,0,0,0,0,0,1017319910.01768,1303262347,1771698015,1714354209.42,0.967633426189423,22115026.58,23257774,26008928,343673800.43,83972332,339831508,NA,NA,NA
"131","MADRE DE DIOS","17","2009",0,0,0,0,0,0,0,1232311567.37318,0,0,0,0,0,0,0,137723880,277122399,184245518.57,0.664852499961853,7129454.81,4760000,7644218,71211471.38,29189880,130007903,10974.11,9560,9560
"132","MADRE DE DIOS","17","2010",0,0,0,0,0,0,0,1357105489.52912,0,0,0,0,0,0,0,170062496,282414810,251580745.96,0.89081996679306,10083078.07,5432011,11012018,104443809.64,24319934,115262848,314144.3,7666,14145
"133","MADRE DE DIOS","17","2011",0,0,0,0,0,0,0,1607829890.50908,0,0,0,0,0,0,0,187276117,262528359,213842845.53,0.814551413059235,10881339.94,7854801,12273483,44059744.19,38553807,61197525,30030.34,3682,3682
"134","MADRE DE DIOS","17","2012",0,0,0,0,0,0,0,871710550.505922,0,0,0,0,0,0,0,161378658,282346107,245735288.28,0.870333552360535,12265321.68,7762157,10492441,25182487.67,7926759,23325659,142104.46,24894,24894
"135","MADRE DE DIOS","17","2013",0,0,0,0,0,0,0,1141941105.30192,0,0,0,0,0,0,0,221122574,291340942,281112079.93,0.964890420436859,19404810.02,8527016,12949540,27670440.98,8779113,20856557,334198.1,144858,479056
"136","MADRE DE DIOS","17","2014",0,0,0,0,0,0,0,570530136.942079,0,0,0,0,0,0,0,238303539,327890735,274077022.2,0.835879147052765,11178391.36,9680289,11926807,24308468.23,10025737,24810683,157812.65,298293,261345
"137","MADRE DE DIOS","17","2015",0,0,0,0,0,0,0,904315519.921664,0,0,0,0,0,0,0,242089097,336869673,291822712.34,0.866277754306793,9126156.18,9579871,11873894,31115407.64,9772897,33344484,0,145871,143712
"138","MADRE DE DIOS","17","2016",0,0,0,0,0,0,0,1248045773.74701,0,0,0,0,0,0,0,228884292,349503315,307753592.18,0.880545556545258,11842298.41,8850453,13861780,59765552.23,8916415,63030034,116574.75,18807,137806
"139","MADRE DE DIOS","17","2017",0,0,0,0,0,0,0,907895673.426138,0,0,0,0,0,0,0,246927286,365128467,330711071.27,0.905738949775696,11460410.79,8865888,11793254,36730717.52,9033768,42213522,176914.09,120618,120618
"140","MADRE DE DIOS","17","2018",0,0,0,0,0,0,0,722168106.902393,0,0,0,0,0,0,0,282238702,445334356,369845151.35,0.830488681793213,12768409.77,12150198,15819206,91207474.06,22112613,126562902,292515.14,120618,120618
"141","MOQUEGUA","18","2009",3568661471.88376,0,0,0,0,0,1016551477.19924,388879967.465096,181855287.128346,0,0,0,0,0,0,198309225,450176034,345767848.99,0.768072545528412,6951411.31,5146268,7785621,351591468.84,76552720,316903916,100403805.8,56182783,56182783
"142","MOQUEGUA","18","2010",3150288045.20454,0,0,0,0,0,1010002497.32497,470761771.921579,180804815.509509,0,0,0,0,0,0,180674111,415620999,328172652.11,0.78959596157074,8120958.51,6089903,9363450,246142826.99,49312216,276863663,59187127.24,37181245,55902586
"143","MOQUEGUA","18","2011",2744473237.40667,0,0,0,0,0,535287879.928532,450609201.500564,147909404.190101,0,0,0,0,0,0,235186473,355062052,281823161.59,0.793729305267334,8334308.88,7070348,9559456,213890110.47,80614087,172988965,104636199.72,53349348,79477751
"144","MOQUEGUA","18","2012",3025100628.62847,0,0,0,0,0,549346100.655703,404251896.400971,144042758.385074,0,0,0,0,0,0,264049076,412680568,330524952.27,0.800922036170959,12205655.99,7881321,13699818,196324759.4,103694980,213162227,73412362.7,84262442,91759775
"145","MOQUEGUA","18","2013",3118296046.24385,0,0,0,0,0,601661118.771565,360792810.804999,148225321.166116,0,0,0,0,0,0,292553374,521948471,441748278.05,0.846344590187073,13180514.37,9401600,15049507,150536142.83,96592797,170543374,53812012.53,64061000,64061000
"146","MOQUEGUA","18","2014",3304594857.11212,0,0,0,0,0,768477655.979488,252969100.399434,150756470.86127,0,0,0,0,0,0,319998554,569646659,521030585.810001,0.914655745029449,12858141.81,10178944,15754794,136050855.01,78121478,136630101,51324470.71,55139539,49524054
"147","MOQUEGUA","18","2015",3304169018.88568,0,0,0,0,0,853595189.125415,113030560.641239,124671771.878299,0,0,0,0,0,0,305053756,418915855,372616617.37,0.889478445053101,32046667.71,9581393,14468103,117294265.39,52685567,99826963,48308877.5,34223895,47973010
"148","MOQUEGUA","18","2016",3156226323.18421,0,0,0,0,0,753958509.982575,64286486.5386632,114766852.990866,0,0,0,0,0,0,308062474,514060477,454880872.13,0.884878098964691,32769878.13,9345059,28145023,169118674.05,52399239,181186704,37970654.17,37086310,37209276
"149","MOQUEGUA","18","2017",2907221029.07387,0,0,0,0,0,719504346.069265,43949225.6590839,121817585.951333,0,0,0,0,0,0,315194416,644810181,562431961.21,0.872244238853455,27263665.78,10440634,25651459,178663034.36,38036426,156340780,19088254.61,22481478,22481478
"150","MOQUEGUA","18","2018",2937462760.74794,0,0,0,0,0,595131344.116869,32803866.8326571,109485255.096082,0,0,0,0,0,0,373835301,567707302,473341353.05,0.833777129650116,22103733.55,17122434,24409925,146852556.94,52983844,164797726,32735225.19,17946411,36028633
"151","PASCO","19","2009",380538782.899875,0,0,0,0,0,0,153186528.420583,1241428365.98457,745850260.80499,3024323011.96025,0,0,0,0,261100705,464055574,329103815.18,0.709190547466278,6680963.11,4361000,7476738,204571253.68,111354230,261302409,39419782.33,90560588,90560588
"152","PASCO","19","2010",527272531.094084,0,0,0,0,0,0,99569467.6035848,1057419249.71834,551248306.019072,2698053911.49035,0,0,0,0,185875197,370754716,252757291.92,0.681737244129181,4893129.17,4361000,5405667,144063259.79,22081862,195982592,38432592.15,9769237,37519092
"153","PASCO","19","2011",637079248.339025,0,0,0,0,0,0,106928672.029447,1143815105.57868,485181316.40276,2316233207.77323,0,0,0,0,229990417,432980751,311978721.42,0.720537185668945,6185612.07,4361000,6921647,171752056.44,47652664,186635755,46095270.56,29056434,44561587
"154","PASCO","19","2012",646579410.466946,0,0,0,0,0,0,76291366.3453307,1239303013.86987,537029193.018846,2317089775.77213,0,0,0,0,245460829,502738238,388637864.93,0.77304220199585,9214693.64,4535458,9524854,158754504.14,54661344,172294279,39937918.42,41749324,41749324
"155","PASCO","19","2013",721191320.056599,0,0,0,0,0,0,64272279.5803121,1233527263.345,525508026.630844,2030239891.89015,0,0,0,0,312056151,594118194,506149050.530001,0.851933240890503,9196439.19,4535458,9638310,89760094.7600001,55275839,104801034,24576968.51,39663414,39663414
"156","PASCO","19","2014",1051732003.73472,0,0,0,0,0,0,74195839.9885456,772705717.604854,426982753.76764,1769693694.63781,0,0,0,0,322998744,486369131,419921990.69,0.863381266593933,7125801.88,4592342,7647751,51714710,31117545,48108537,17250945.56,16530145,12484505
"157","PASCO","19","2015",846196492.306949,0,0,0,0,0,0,77527371.7218752,857490841.841015,552017395.994894,1931232593.26384,0,0,0,0,334172916,536459290,481948928.690001,0.898388624191284,6111358.24,4902691,7719921,72064554.27,25733296,76729526,9409730.3,10700945,6475663
"158","PASCO","19","2016",1118590409.68454,0,0,0,0,0,0,88892938.4027438,812122621.493924,510483033.47372,1931201976.12007,0,0,0,0,335806557,631218838,567385677.68,0.898873150348663,6306388.07,4730327,5204854,130630113.04,16158159,130279135,2991906.55,7510892,6676345
"159","PASCO","19","2017",1049151712.78639,0,0,0,0,0,0,131094708.184644,816576224.513543,554109764.547188,1725280323.48273,0,0,0,0,370480515,718533204,567220008.670001,0.789413750171661,6477722.55,4708903,6906416,147184267.69,11131505,164839155,8861502.22,2573585,9362122
"160","PASCO","19","2018",1064913140.36234,0,0,0,0,0,0,127805797.326368,820254464.299071,541000780.661646,1677488386.11418,0,0,0,0,429339998,816301886,594034122.059999,0.727713763713837,6571073.19,7461244,6531332,193574420.8,22157961,301566668,14963362.34,850298,6126211
"161","PIURA","20","2009",0,0,0,0,0,0,0,0,0,0,0,0,67309877.6093029,36258922.1766259,2795935764.59409,723265947,1080405075,863579284.2,0.799310624599457,42369223.88,31520000,47092267,273594557.23,107078038,287404440,8445.66,2282,2282
"162","PIURA","20","2010",0,0,0,0,0,0,0,0,0,0,0,0,74078277.9669379,78189279.1399247,2784435692.26842,753956218,1126955926,1031706716.73,0.915480971336365,35628020.35,29500000,40562915,295108284.59,88476903,324521406,4962.86,5912,5912
"163","PIURA","20","2011",0,0,0,0,0,0,0,0,0,0,0,0,80321600.8566907,77586284.3271696,2788207727.34974,846016108,1143756180,965570231.030001,0.844209849834442,33828970.85,26795792,36688107,239253644.09,125185152,224314034,32007.17,2162,2162
"164","PIURA","20","2012",0,0,0,0,0,0,0,0,0,0,0,0,73348586.2343061,83011988.4665612,2806757166.73737,933172351,1351093573,1210549013.44,0.895977199077606,34420745.62,31910822,42276260,375388213.89,138240967,361017230,36400.93,27931,27931
"165","PIURA","20","2013",0,0,0,0,0,0,0,0,0,0,0,0,61536868.7832619,85509803.9131821,2604502905.2066,1109873954,1479204850,1386603946.93,0.937398195266724,41490484.25,36516900,44323771,459558653.14,230925939,445083577,1241205.68,40446,40446
"166","PIURA","20","2014",0,0,0,0,0,0,0,0,0,0,0,0,88046817.925516,83225954.3678614,2638556692.69425,1178825115,1494531017,1422837611.57,0.952029526233673,47627432.94,38642786,53139728,357920436.68,218778497,289794188,828087.05,1135965,1135965
"167","PIURA","20","2015",0,0,0,0,0,0,0,0,0,0,0,0,107065357.436201,83964573.9387383,2354644778.02463,1223545512,1629964126,1481863427.18,0.909138679504395,48288542.53,42271705,53667165,406707320.43,224325868,403393615,370.3,827890,1514
"168","PIURA","20","2016",0,0,0,0,0,0,0,51997467.564974,0,0,0,0,110979568.309763,76686521.1292084,2175346241.3096,1190004524,1763772113,1565279683.6,0.887461423873901,47950246.33,41094614,57288512,408826350.09,148856066,423280250,6324601.66,341,341
"169","PIURA","20","2017",0,0,0,0,0,0,0,19570085.1286207,0,0,0,0,104325890.044534,66862827.3004568,2109851526.25351,1394840412,2303456112,1773829672.53,0.770073115825653,52773069.88,40651576,54518865,680054291.79,179620687,656507526,1040964.91,938028,1978993
"170","PIURA","20","2018",0,0,0,0,0,0,0,55499482.7985166,0,0,0,0,110940423.514941,66744155.6371001,2279196774.50747,1604611511,2915572511,2294462743.38999,0.786968171596527,70287793.87,46935122,55964856,1057751089.95,180264462,1282851735,139516,923774,923774
"171","PUNO","21","2009",8034989.9250961,0,0,0,510985284.381664,0,0,237412481.004995,61144236.9352558,12190397.3009043,14531038.8375818,0,0,0,0,702922689,976388546,907895559.030002,0.929850697517395,19431713.69,13796000,23006096,256960649.64,67855689,263814863,61492184.36,47325487,61492185
"172","PUNO","21","2010",380728.244822654,0,0,0,461187429.903359,0,0,199082107.373765,57437011.6082661,12752761.4973484,17313638.7874676,0,0,0,0,727976034,1041428502,868590278.429998,0.834037363529205,18934149.01,13276700,20874100,254833109.34,66836138,337822641,44845653.57,45892967,45892967
"173","PUNO","21","2011",37199495.2382172,0,0,0,393524043.305114,0,0,213651343.162804,31080382.4797436,10389430.3415755,17601297.5335663,0,0,0,0,780188046,1202834295,890456491.22,0.740298569202423,20680688.14,14238460,22460758,262806761.95,59931060,350538737,75826641.66,37878322,75826642
"174","PUNO","21","2012",39247488.4034955,0,0,0,355687865.648113,0,0,275536853.740133,21247673.1868285,9823562.31836225,17122103.6322682,0,0,0,0,858691731,1300825979,1053050487.98,0.809524476528168,25215115.39,14125360,29674914,307662479.79,103151035,407623606,59887944.42,74855099,74855099
"175","PUNO","21","2013",53098057.158276,0,0,0,322481574.975824,0,0,319869667.274697,21021001.1674183,9158419.20335722,18736267.9327777,0,0,0,0,947702268,1393783574,1273974276.58001,0.914040267467499,29544486.3,13359500,31104912,256673056.12,85523860,268454989,42948831.58,56726037,56726037
"176","PUNO","21","2014",55387839.8250056,0,0,0,314817327.097952,0,0,356750931.154115,16534852.9784393,8944685.77044077,15469489.8953989,0,0,0,0,1033347506,1410423533,1305251468.3,0.92543226480484,40744024.37,14854228,42207392,188856577.16,64022390,195109066,34962266.37,39307225,37681952
"177","PUNO","21","2015",52923030.4296134,0,0,0,265839717.459199,0,0,343417700.741621,8321647.24989183,15855984.0725343,18687850.1240284,0,0,0,0,1070196608,1421452884,1311790595.66,0.922851979732513,37818929.04,17043600,39120086,160720419.7,55906221,170266159,28388237.93,29417088,27408238
"178","PUNO","21","2016",67073129.4623113,0,0,0,256006317.115269,0,0,733348983.124697,3120140.98283014,7783167.19647676,8250964.23215883,0,0,0,0,1093987549,1517527326,1395215112.06001,0.919400334358215,36564456.33,17717089,38726337,196226803.35,41853887,200211067,17819900.38,19236466,17363093
"179","PUNO","21","2017",71041003.4450839,0,0,0,242400063.015993,0,0,756619980.903776,1734937.21194161,9623844.19252229,3493202.4959416,0,0,0,0,1243798673,1837605749,1641526650.52,0.893296420574188,39535839.04,18623544,41697615,277004030.11,53322009,308153054,18283657.18,14890317,18664460
"180","PUNO","21","2018",63845059.1780093,0,0,0,253448842.756733,0,0,714610005.059615,2262270.6592292,2501732.31315325,2000082.71730533,0,0,0,0,1445061700,1960495755,1789937638.41001,0.913002550601959,36583352.41,21298696,38267488,358085914.239999,58357743,385661818,18353147.22,14014920,18353148
"181","TACNA","23","2009",2922354525.70576,0,0,0,0,0,691023005.443044,6769615.65429238,70676030.5411579,0,0,0,0,0,0,368361000,726760685,460634054.59,0.633818089962006,37873327.59,23627000,43143447,460321261.11,190663000,535074884,76811495.62,126607806,126607806
"182","TACNA","23","2010",3002453613.45895,0,0,0,0,0,927304821.845194,6655959.98748369,71230696.8455253,0,0,0,0,0,0,245804443,534556206,342383122.27,0.640499770641327,38823543.86,20769940,40519063,287493827.56,52045172,329290463,40701411.15,28427477,49801654
"183","TACNA","23","2011",2746566340.55357,0,0,0,0,0,1029899104.80222,6187130.36189786,67512156.9870002,0,0,0,0,0,0,279355839,513453059,305894594.3,0.595759630203247,44257224.28,18941246,43442300,278889034.57,72686631,269621903,87525402.05,42900240,42900240
"184","TACNA","23","2012",2695395381.80984,0,0,0,0,0,858185236.603275,5221057.19402403,66808876.2178596,0,0,0,0,0,0,326444495,634449729,448513417.2,0.706932961940765,57985707.96,21121300,57283044,328939568.05,109216181,360512737,67309483.92,74223142,74223142
"185","TACNA","23","2013",2456424352.00974,0,0,0,0,0,895366541.6959,47884553.1223347,55498031.4399849,0,0,0,0,0,0,362984808,580798009,504039293.55,0.867839217185974,55865032.02,30353258,40618416,284011535.83,110685250,272607981,49952867.2,65260433,65260433
"186","TACNA","23","2014",2469778710.96676,0,0,0,0,0,1171479983.4917,239699801.299519,58984559.8372516,0,0,0,0,0,0,341318448,491790765,452820953.07,0.920759379863739,51330341.12,33102508,50782367,182855274.85,86744543,186004299,46992668.29,46111729,49184408
"187","TACNA","23","2015",2523466806.68455,0,0,0,0,0,1521783188.49659,267552543.146823,67918463.08573,0,0,0,0,0,0,344511600,455321374,409174578.01,0.898650050163269,44321843.87,27970810,49766821,131136517.97,70010865,128410786,40914262.65,33647003,39982575
"188","TACNA","23","2016",2489002780.73141,0,0,0,0,0,1214614906.65184,238506416.798028,66105595.4487191,0,0,0,0,0,0,353939430,534799654,420388232.2,0.786066770553589,42156918.24,29211332,46395460,195731393.84,67074741,191116862,38968415.13,31771818,31725510
"189","TACNA","23","2017",2617010473.35799,0,0,0,0,0,803565592.138696,225215807.260588,74784476.784165,0,0,0,0,0,0,430744009,656165459,549479129.989999,0.837409436702728,34688187.95,28613522,41643129,237742989.93,118668686,174957254,18943135.94,22799494,22799494
"190","TACNA","23","2018",3032163047.34996,0,0,0,0,0,798783492.465109,237320135.775713,89418742.7238026,0,0,0,0,0,0,420614481,708509380,561681968.659999,0.792765736579895,37730356.37,32753332,35034731,249502556.38,64156972,252784512,36913871.62,19943136,33338616
"191","TUMBES","23","2009",0,0,0,0,0,0,0,0,0,0,0,0,0,0,207072900.957931,181987131,295283660,243535093.98,0.824749648571014,23018910.82,7320000,26519436,107227216.72,26534626,118600831,NA,NA,NA
"192","TUMBES","23","2010",0,0,0,0,0,0,0,0,0,0,0,0,0,0,311658896.822082,233660121,377296042,284954540.08,0.755254507064819,17267274.94,7320000,19139743,122824294.88,30020509,160325571,NA,NA,NA
"193","TUMBES","23","2011",0,0,0,0,0,0,0,0,0,0,0,0,0,0,282721909.301976,241069956,406638568,314285922.06,0.772887647151947,6335134.46,7425000,8047772,105155758.45,52377094,108957293,NA,NA,NA
"194","TUMBES","23","2012",0,0,0,0,0,0,0,0,0,0,0,0,0,0,250410434.087731,245883436,469857667,448585242.86,0.954725801944733,6758913.78,7300000,8347643,114857516.1,51469544,126191925,NA,NA,NA
"195","TUMBES","23","2013",0,0,0,0,0,0,0,0,0,0,0,0,0,0,203722550.069443,331592383,419411799,371365892,0.885444521903992,5225366.27,7800000,9254407,81310070.04,87709299,126770698,NA,NA,NA
"196","TUMBES","23","2014",0,0,0,0,0,0,0,0,0,0,0,0,0,0,369157027.31717,345157410,437441935,415208347.32,0.949173629283905,7443086.55,8750028,10714549,98326200.82,67802891,103839148,NA,NA,NA
"197","TUMBES","23","2015",0,0,0,0,0,0,0,0,0,0,0,0,0,0,289865592.453239,345876385,411143976,353426096.599999,0.85961639881134,6173568.96,11880290,12544654,94825764.59,53696502,90102449,NA,NA,NA
"198","TUMBES","23","2016",0,0,0,0,0,0,0,0,0,0,0,0,0,0,207953184.458116,331891642,448318116,402237497.15,0.897214472293854,6799734.44,10209133,10488910,83156481.31,55762736,87976285,NA,NA,NA
"199","TUMBES","23","2017",0,0,0,0,0,0,0,0,0,0,0,0,0,0,173460472.20217,341349651,481004397,444574671.24,0.92426323890686,9286685.96,8914854,9114905,86802706.57,40109859,80195721,9292.25,0,0
"200","TUMBES","23","2018",0,0,0,0,0,0,0,0,0,0,0,0,0,0,118114371.185643,387075684,500624207,459753461.150001,0.918360412120819,8863182.71,9156455,10755790,102782992.27,57032493,117489111,5678.7,0,0
"201","UCAYALI","24","2009",0,0,0,0,0,0,0,0,0,0,0,0,83098011.7626676,173664825.970628,0,315278048,517212473,424325704.12,0.820408880710602,10072799.17,11722000,12426078,261734710.54,81564048,249810510,NA,NA,NA
"202","UCAYALI","24","2010",0,0,0,0,0,0,0,0,0,0,0,0,65429237.1888844,163118038.036732,0,324420641,451371817,397670442.68,0.881026327610016,11134466.6,11065750,11781136,206197998.03,71778054,201736752,NA,NA,NA
"203","UCAYALI","24","2011",0,0,0,0,0,0,0,0,0,0,0,0,43024322.4245901,160314888.430708,0,348843116,450826817,418814273.94,0.928991496562958,17730666.03,11209324,14229357,178354887.82,92185169,151982958,NA,NA,NA
"204","UCAYALI","24","2012",0,0,0,0,0,0,0,0,0,0,0,0,73294628.6560377,174660775.674679,0,337470431,578775785,467195056.67,0.80721253156662,17855743.52,15847178,23477446,145928756.72,69341708,130473944,NA,NA,NA
"205","UCAYALI","24","2013",0,0,0,0,0,0,0,0,0,0,0,0,34941095.9067538,149531114.077356,530806.894005004,448168830,616859546,565549898.590001,0.916821181774139,18313618.42,16108100,20071740,172550462.67,99692612,148780335,NA,NA,NA
"206","UCAYALI","24","2014",0,0,0,0,0,0,0,0,0,0,0,0,34712857.185079,139979026.672107,52399179.5939063,457592924,640930936,600053963.53,0.936222493648529,17364172.76,15671546,20741078,194547787.72,79520088,165300765,NA,NA,NA
"207","UCAYALI","24","2015",0,0,0,0,0,0,0,0,0,0,0,0,40236485.8245262,128580836.473738,239196758.145063,474864565,663873162,613091789.849999,0.923507392406464,16087135.05,15802054,19767566,96521713.18,72017306,97167562,NA,NA,NA
"208","UCAYALI","24","2016",0,0,0,0,0,0,0,0,0,0,0,0,30133800.6339732,84181573.5517333,166469520.266492,437448256,853871948,750118705.59,0.87849086523056,14268819.86,15479915,17453864,161228298.56,51415578,171894955,NA,NA,NA
"209","UCAYALI","24","2017",0,0,0,0,0,0,0,0,0,0,0,0,10383754.6445199,73166880.2023166,220166610.947421,479577370,903044994,850738836.18,0.942077994346619,13228874.91,14807017,17254343,136784988.05,38325080,146835507,NA,NA,NA
"210","UCAYALI","24","2018",0,0,0,0,0,0,0,0,0,0,0,0,29732997.2435769,68189808.4865019,203270846.992275,568404790,1035405898,862375692.95,0.832886576652527,21481227.03,14639809,21062619,218575900.59,45222993,276626435,NA,NA,NA
"211","AMAZONAS","01","2009",NA,NA,NA,NA,NA,NA,NA,NA,NA,NA,NA,NA,NA,NA,NA,275535241,380236068,356403493.23,0.937321662902832,4451586.17,4300000,5662503,71416174.4100001,29868241,79287386,18580.73,3591,3591
"212","AMAZONAS","01","2010",NA,NA,NA,NA,NA,NA,NA,NA,NA,NA,NA,NA,NA,NA,NA,312094667,417986003,354166816.29,0.847317397594452,4610201.51,4434000,5967950,72588391.4499999,25385124,105908939,27799.51,11185,11185
"213","AMAZONAS","01","2011",NA,NA,NA,NA,NA,NA,NA,NA,NA,NA,NA,NA,NA,NA,NA,378391672,514940610,399937961.87,0.776668131351471,5502343.25,4847000,6961970,51854179.92,59246573,94082998,31512.45,22024,22024
"214","AMAZONAS","01","2012",NA,NA,NA,NA,NA,NA,NA,NA,NA,NA,NA,NA,NA,NA,NA,334055987,614860498,522617453.05,0.849977254867554,7984507.17,4105000,8908095,98390802.3400001,4142589,108444168,18.86,27227,27227
"215","AMAZONAS","01","2013",NA,NA,NA,NA,NA,NA,NA,NA,NA,NA,NA,NA,NA,NA,NA,443591211,603178751,575994509.889999,0.954931676387787,8734450.77,4171200,9526641,67351671.49,4181641,70171102,5.04,22,22
"216","AMAZONAS","01","2014",NA,NA,NA,NA,NA,NA,NA,NA,NA,NA,NA,NA,NA,NA,NA,490628170,728212623,662751495.57,0.910107135772705,9464569.97000001,4946713,10645097,60389170.82,19831250,74295956,1.9,3,2
"217","AMAZONAS","01","2015",NA,NA,NA,NA,NA,NA,NA,NA,NA,NA,NA,NA,NA,NA,NA,512114032,672672311,623988914.690002,0.927626848220825,10255496.69,4739595,11475225,70109573.25,20842034,83181611,18.26,0,0
"218","AMAZONAS","01","2016",NA,NA,NA,NA,NA,NA,NA,NA,NA,NA,NA,NA,NA,NA,NA,517254916,784265571,708539396.480001,0.903443217277527,10554658.55,4724439,11091806,117095598.45,39961808,146020782,3.23,0,0
"219","AMAZONAS","01","2017",NA,NA,NA,NA,NA,NA,NA,NA,NA,NA,NA,NA,NA,NA,NA,663829592,934264709,837787376.66,0.896734476089478,8980669.31999999,4593410,8997629,138820295.88,115958934,183970879,NA,NA,NA
"220","AMAZONAS","01","2018",NA,NA,NA,NA,NA,NA,NA,NA,NA,NA,NA,NA,NA,NA,NA,678217393,1074296537,912359226.140001,0.849261999130249,13643614.69,7180326,15123953,189655756.29,42758037,236121394,NA,NA,NA
"221","CALLAO","07","2009",NA,NA,NA,NA,NA,NA,NA,NA,NA,NA,NA,NA,NA,NA,NA,584467779,723735588,576672688.670001,0.796800255775452,41698984.2,32100557,42590186,291623520.51,207436585,304877722,39.52,425,425
"222","CALLAO","07","2010",NA,NA,NA,NA,NA,NA,NA,NA,NA,NA,NA,NA,NA,NA,NA,515075275,684544489,623367058.5,0.910630464553833,42817253.03,36618547,42517565,304841331.39,185090561,267963599,3.4,5,5
"223","CALLAO","07","2011",NA,NA,NA,NA,NA,NA,NA,NA,NA,NA,NA,NA,NA,NA,NA,564841915,758384315,665055965.79,0.876937925815582,66550281.85,35435256,59520117,368175478.56,212018502,354254056,13.72,0,0
"224","CALLAO","07","2012",NA,NA,NA,NA,NA,NA,NA,NA,NA,NA,NA,NA,NA,NA,NA,715142514,1114919726,1020506716.92,0.915318548679352,72666319.78,40257720,75220093,525856196.2,246930235,531972537,222.6,11,11
"225","CALLAO","07","2013",NA,NA,NA,NA,NA,NA,NA,NA,NA,NA,NA,NA,NA,NA,NA,778193760,1078116147,1017494437.55,0.943770706653595,51972170.43,47348490,56845723,395899826.88,267914533,410720999,119.48,216,216
"226","CALLAO","07","2014",NA,NA,NA,NA,NA,NA,NA,NA,NA,NA,NA,NA,NA,NA,NA,756502794,1152244023,1049104920.95,0.910488486289978,52320086.57,46898134,58956796,432836354.08,246317752,433941724,527.33,88,537
"227","CALLAO","07","2015",NA,NA,NA,NA,NA,NA,NA,NA,NA,NA,NA,NA,NA,NA,NA,802765540,1008013369,941645380.72,0.934159636497498,52280556.17,41947580,48401976,375129434.44,261725029,354906223,3093.83,478,412
"228","CALLAO","07","2016",NA,NA,NA,NA,NA,NA,NA,NA,NA,NA,NA,NA,NA,NA,NA,804443070,1209216422,1110344723.83,0.918234884738922,60767413.46,43222721,59605381,544986460.54,263507185,539553555,1027.02,390,390
"229","CALLAO","07","2017",NA,NA,NA,NA,NA,NA,NA,NA,NA,NA,NA,NA,NA,NA,NA,860243203,1127899441,972478685.570001,0.862203359603882,53606908.86,41573279,52617165,399306064.35,276862443,384137859,1651.23,1027,1027
"230","CALLAO","07","2018",NA,NA,NA,NA,NA,NA,NA,NA,NA,NA,NA,NA,NA,NA,NA,941865134,1202085254,1025328880.53,0.852958559989929,53713318.3,45284094,53396936,439831112.67,293901499,486278094,480.22,1027,1027
"231","LAMBAYEQUE","14","2009",NA,NA,NA,NA,NA,NA,NA,NA,NA,NA,NA,NA,NA,NA,NA,534796426,613284637,588563826.569999,0.959691107273102,46136141.15,28800000,46766489,115448355.98,69504421,127973076,68523.85,0,68524
"232","LAMBAYEQUE","14","2010",NA,NA,NA,NA,NA,NA,NA,NA,NA,NA,NA,NA,NA,NA,NA,498348327,690689251,595987582.219999,0.862888157367706,46398175.36,31631648,51581809,108763448.62,31682218,187340884,28939.27,47967,47967
"233","LAMBAYEQUE","14","2011",NA,NA,NA,NA,NA,NA,NA,NA,NA,NA,NA,NA,NA,NA,NA,544717429,718270749,666891022.69,0.928467452526093,35249113.25,38649283,44180209,120327529.25,60163930,132516837,125457.36,10847,125457
"234","LAMBAYEQUE","14","2012",NA,NA,NA,NA,NA,NA,NA,NA,NA,NA,NA,NA,NA,NA,NA,520874604,857019123,756026435.129999,0.882158160209656,32588510.63,35099424,44699547,63943743.47,35247806,76297546,88889.9,110402,110402
"235","LAMBAYEQUE","14","2013",NA,NA,NA,NA,NA,NA,NA,NA,NA,NA,NA,NA,NA,NA,NA,663931885,1032612665,915930954.700001,0.887003421783447,138282277.42,30761145,107332226,184072970.09,30892116,144740578,19076.84,105134,105134
"236","LAMBAYEQUE","14","2014",NA,NA,NA,NA,NA,NA,NA,NA,NA,NA,NA,NA,NA,NA,NA,749068871,1162492609,1004578149.64,0.864158749580383,86054699.2399999,39392913,67104189,138542997.42,39415072,119075081,215.65,17459,14308
"237","LAMBAYEQUE","14","2015",NA,NA,NA,NA,NA,NA,NA,NA,NA,NA,NA,NA,NA,NA,NA,789923607,1210630804,1081032161.82,0.892949521541595,71821202.46,38844290,73734232,136875399.09,38849184,138630591,285.86,194,151
"238","LAMBAYEQUE","14","2016",NA,NA,NA,NA,NA,NA,NA,NA,NA,NA,NA,NA,NA,NA,NA,793924342,1221806023,1122221887.75,0.918494343757629,53143774.2,42402482,46282550,133141594.4,42407445,131313774,862.97,263,263
"239","LAMBAYEQUE","14","2017",NA,NA,NA,NA,NA,NA,NA,NA,NA,NA,NA,NA,NA,NA,NA,861844334,1381863841,1223201938.4,0.885182678699493,52779800.47,35136275,47287434,144607195.98,35141849,138829384,1344.11,863,863
"240","LAMBAYEQUE","14","2018",NA,NA,NA,NA,NA,NA,NA,NA,NA,NA,NA,NA,NA,NA,NA,962070345,1431623954,1267413052.73,0.885297477245331,62493713.08,38288997,55117124,260020630.13,40378513,275089604,1087.74,839,839
"241","SAN MARTIN","22","2009",NA,NA,NA,NA,NA,NA,NA,NA,NA,NA,NA,NA,NA,NA,NA,476646349,610568719,595824138.940001,0.975851058959961,18033429.4,13167000,17123607,187796308.31,64019607,161066682,136592.03,107598,107598
"242","SAN MARTIN","22","2010",NA,NA,NA,NA,NA,NA,NA,NA,NA,NA,NA,NA,NA,NA,NA,536277235,641397562,630954349.450001,0.983718037605286,17553044.28,13673241,15316016,177349930.29,51608971,123937582,111032.07,76746,76746
"243","SAN MARTIN","22","2011",NA,NA,NA,NA,NA,NA,NA,NA,NA,NA,NA,NA,NA,NA,NA,552451375,750804475,694633468.710001,0.925185561180115,17501615.54,13451105,14228917,212966331.48,71164271,149076171,158252.56,86331,86331
"244","SAN MARTIN","22","2012",NA,NA,NA,NA,NA,NA,NA,NA,NA,NA,NA,NA,NA,NA,NA,587474130,873227866,833920512.66,0.954986155033112,19289883.14,13360740,16155197,255436487.42,78501908,163675879,193109.81,134595,134595
"245","SAN MARTIN","22","2013",NA,NA,NA,NA,NA,NA,NA,NA,NA,NA,NA,NA,NA,NA,NA,724772504,1066755335,936487659.270001,0.877884209156036,24785956.76,14077740,19063361,241859000.37,89169376,188679938,0,215884,215884
"246","SAN MARTIN","22","2014",NA,NA,NA,NA,NA,NA,NA,NA,NA,NA,NA,NA,NA,NA,NA,749296318,1278634179,1104910247.97,0.864133179187775,31727140.19,12605200,25224174,217262611.94,68968652,178301565,178652.12,101548,101548
"247","SAN MARTIN","22","2015",NA,NA,NA,NA,NA,NA,NA,NA,NA,NA,NA,NA,NA,NA,NA,784439070,1455664420,1363907370.1,0.936965525150299,34387935.53,13126673,28986008,353576214.13,66300592,328983573,172599.86,170093,140090
"248","SAN MARTIN","22","2016",NA,NA,NA,NA,NA,NA,NA,NA,NA,NA,NA,NA,NA,NA,NA,772256411,1352355456,1234755166.6,0.913040399551392,44519611.89,18387592,41936413,298450819.53,68154613,304456321,206124.83,156712,201804
"249","SAN MARTIN","22","2017",NA,NA,NA,NA,NA,NA,NA,NA,NA,NA,NA,NA,NA,NA,NA,874414606,1334016964,1234168357.62,0.925151944160461,26890762.01,24677495,28888791,196437027.94,75949236,200736942,230828.74,102574,102574
"250","SAN MARTIN","22","2018",NA,NA,NA,NA,NA,NA,NA,NA,NA,NA,NA,NA,NA,NA,NA,1029344894,1485534107,1259212575.72,0.847649753093719,34684059.71,45677122,27000516,254058427.17,109391688,288305437,215487.86,106849,106849
